nfuncs,degree,ncells,name,count,total_time,nflops,optimal_memory,pessimal_memory,ndofs
1,1,200,pyop3_loop,3,0.0030935,3280000,646416,3840000,40401
1,2,200,pyop3_loop,3,0.010296,12240000,2572816,7680000,160801
1,3,200,pyop3_loop,3,0.028236,40800000,5779216,12800000,361201
1,4,200,pyop3_loop,3,0.047597,79920000,10265616,19200000,641601
1,5,200,pyop3_loop,3,0.059768,174240000,16032016,26880000,1002001
1,6,200,pyop3_loop,3,0.072833,303760000,23078416,35840000,1442401
1,7,200,pyop3_loop,3,0.11081,494000000,31404816,46080000,1962801
