nfuncs,degree,ncells,name,count,total_time,nflops,optimal_memory,pessimal_memory,ndofs
0,1,200,pyop3_loop,3,0.0025246,1360000,323208,1920000,40401
1,1,200,pyop3_loop,3,0.0034698,3280000,646416,3840000,40401
2,1,200,pyop3_loop,3,0.002978,3280000,969624,5760000,40401
3,1,200,pyop3_loop,3,0.0042923,3600000,1292832,7680000,40401
4,1,200,pyop3_loop,3,0.0035751,4160000,1616040,9600000,40401
5,1,200,pyop3_loop,3,0.0051883,4160000,1939248,11520000,40401
6,1,200,pyop3_loop,3,0.0063047,4400000,2262456,13440000,40401
7,1,200,pyop3_loop,3,0.0066265,5040000,2585664,15360000,40401
